use esignin;
INSERT INTO `esignin`.`t_sys_user` (`id`, `user_name`, `full_name`, `password`, `sex`, `mobile`, `email`, `age`, `create_time`, `update_time`, `flag`, `is_valid`, `origin`) VALUES ('13eb21ac587b48ec820fff50385a315f', '13798156379', '天外飞仙', '94edf28c6d6da38fd35d7ad53e485307f89fbeaf120485c8d17a43f323deee71', '3', '13798156379', NULL, '0', '2016-06-08 13:58:40', '2016-06-08 13:58:40', '1', '1', '1');
INSERT INTO `esignin`.`t_sys_user` (`id`, `user_name`, `full_name`, `password`, `sex`, `mobile`, `email`, `age`, `create_time`, `update_time`, `flag`, `is_valid`, `origin`) VALUES ('34b689b73a5c4a52ac921c5c1587df11', 'benson', 'BensonXu', 'a665a45920422f9d417e4867efdc4fb8a04a1f3fff1fa07e998e86f7f7a27ae3', '3', '18620070821', 'xubinsen@126.com', '0', '2016-05-24 10:15:57', '2016-05-24 10:15:57', '1', '1', '2');
INSERT INTO `esignin`.`t_sys_user` (`id`, `user_name`, `full_name`, `password`, `sex`, `mobile`, `email`, `age`, `create_time`, `update_time`, `flag`, `is_valid`, `origin`) VALUES ('7c906b67de614c028c08495c1f3bdbb7', '15002031518', 'tb', '94edf28c6d6da38fd35d7ad53e485307f89fbeaf120485c8d17a43f323deee71', '3', '15002031518', NULL, '0', '2016-06-08 13:01:41', '2016-06-08 13:01:41', '1', '1', '3');
INSERT INTO `esignin`.`t_sys_user` (`id`, `user_name`, `full_name`, `password`, `sex`, `mobile`, `email`, `age`, `create_time`, `update_time`, `flag`, `is_valid`, `origin`) VALUES ('8ec082e241294cdc87e4a7092ea4dd67', '18127875242', '速分享', '94edf28c6d6da38fd35d7ad53e485307f89fbeaf120485c8d17a43f323deee71', '3', '18127875242', NULL, '0', '2016-06-08 12:44:59', '2016-06-08 12:44:59', '1', '1', '3');

INSERT INTO `esignin`.`t_qr_code` (`id`, `title`, `sign_in_type`, `create_user`, `image`, `effective_time_start`, `effective_time_end`, `is_valid`, `description`, `create_time`) VALUES ('1a2b04152b374417ae4d0beba92243bc', '嗨翻全场', '1', '34b689b73a5c4a52ac921c5c1587df11', 'http://xubstest.ematong.com:80/esignin/page/handler.bs?businessId=1a2b04152b374417ae4d0beba92243bc', '2016-06-09 09:00:09', '2016-06-09 22:00:21', '1', '好朋友一起嗨，将嗨进行到底！', '2016-06-08 12:36:09');
INSERT INTO `esignin`.`t_qr_code` (`id`, `title`, `sign_in_type`, `create_user`, `image`, `effective_time_start`, `effective_time_end`, `is_valid`, `description`, `create_time`) VALUES ('1c7d331365fb403e9264d51e2fe21d1c', '端午节快乐！', '2', '34b689b73a5c4a52ac921c5c1587df11', 'http://xubstest.ematong.com:80/esignin/page/handler.bs?businessId=1c7d331365fb403e9264d51e2fe21d1c', '2016-06-09 01:00:49', '2016-06-11 23:00:58', '1', '祝大家端午节快乐！', '2016-06-08 14:04:10');
INSERT INTO `esignin`.`t_qr_code` (`id`, `title`, `sign_in_type`, `create_user`, `image`, `effective_time_start`, `effective_time_end`, `is_valid`, `description`, `create_time`) VALUES ('5a9ceb40e6094a5e9651ce681268b914', '端午节赛龙舟', '2', '34b689b73a5c4a52ac921c5c1587df11', 'http://xubstest.ematong.com:80/esignin/page/handler.bs?businessId=5a9ceb40e6094a5e9651ce681268b914', '2016-06-09 10:00:35', '2016-06-10 18:00:43', '1', '端午赛龙舟大赛。', '2016-06-07 15:55:18');

INSERT INTO `esignin`.`t_sign_in_record` (`id`, `qrid`, `user_id`, `mobile`, `create_time`, `is_valid`) VALUES ('3af5e91e26544026bc5417c5e590d17e', '1a2b04152b374417ae4d0beba92243bc', '7c906b67de614c028c08495c1f3bdbb7', '15002031518', '2016-06-08 13:01:41', '1');
INSERT INTO `esignin`.`t_sign_in_record` (`id`, `qrid`, `user_id`, `mobile`, `create_time`, `is_valid`) VALUES ('8c5cc96d253741649045bfef376466bd', '1a2b04152b374417ae4d0beba92243bc', '8ec082e241294cdc87e4a7092ea4dd67', '18127875242', '2016-06-08 12:44:59', '1');
INSERT INTO `esignin`.`t_sign_in_record` (`id`, `qrid`, `user_id`, `mobile`, `create_time`, `is_valid`) VALUES ('a11d2d8885394466852349d5b17cb2b9', '1a2b04152b374417ae4d0beba92243bc', '13eb21ac587b48ec820fff50385a315f', '13798156379', '2016-06-08 13:58:41', '1');
INSERT INTO `esignin`.`t_sign_in_record` (`id`, `qrid`, `user_id`, `mobile`, `create_time`, `is_valid`) VALUES ('a70ef2eef36e45e9abdfe3a90cd8999b', '1c7d331365fb403e9264d51e2fe21d1c', '8ec082e241294cdc87e4a7092ea4dd67', '18127875242', '2016-06-08 14:07:16', '1');
INSERT INTO `esignin`.`t_sign_in_record` (`id`, `qrid`, `user_id`, `mobile`, `create_time`, `is_valid`) VALUES ('c983e58a6cee462fbc37cc63ee62a00d', '1c7d331365fb403e9264d51e2fe21d1c', '13eb21ac587b48ec820fff50385a315f', '13798156379', '2016-06-08 14:15:51', '1');
